{
  "components": [
    {
      "type": "header",
      "text": "#cabeçalho",
      "x": -1,
      "y": -1
    },
    {
      "type": "item",
      "item": "#item1",
      "framed": true,
      "link_recipe": true,
      "x": 30,
      "y": 15
    },
    {
      "type": "item",
      "item": "#item2",
      "framed": true,
      "link_recipe": true,
      "x": 50,
      "y": 15
    },
    {
      "type": "item",
      "item": "#item3",
      "framed": true,
      "link_recipe": true,
      "x": 70,
      "y": 15
    },
    {
      "type": "text",
      "text": "#texto",
      "x": 0,
      "y": 40
    }
  ]
}