{
  "components": [
    {
      "type": "header",
      "text": "#resultado->nome",
      "guard": "#pequeno->existe->inv",
      "x": -1,
      "y": -1
    },
    {
      "type": "header",
      "text": "#resultado->nome",
      "guard": "#pequeno",
      "scale": 0.75,
      "x": -1,
      "y": -1
    },
    {
      "type": "item",
      "item": "#item1",
      "x": 10,
      "y": 15
    },
    {
      "type": "item",
      "item": "#item2",
      "x": 30,
      "y": 15
    },
    {
      "type": "item",
      "item": "#resultado",
      "framed": true,
      "link_recipe": true,
      "x": 80,
      "y": 15
    },
    {
      "type": "text",
      "text": "#texto",
      "x": 0,
      "y": 40
    }
  ]
}