{
  "components": [
    {
      "type": "header",
      "text": "#âncora->fcapital",
      "x": -1,
      "y": -1
    },
    {
      "type": "item",
      "item": "#lingote",
      "framed": true,
      "link_recipe": true,
      "x": 40,
      "y": 15,
      "guard": "#item único->existe->inv"
    },
    {
      "type": "item",
      "item": "#poeira",
      "framed": true,
      "link_recipe": true,
      "x": 60,
      "y": 15,
      "guard": "#item único->existe->inv"
    },
    {
      "type": "item",
      "item": "#item",
      "framed": true,
      "link_recipe": true,
      "x": 50,
      "y": 15,
      "guard": "#item único"
    },
    {
      "type": "text",
      "text": "Símbolo: $(l)#símbolo#$()$(br)Número atômico: $(l)#num#$()",
      "guard": "#isElement",
      "x": 0,
      "y": 40
    },
    {
      "type": "text",
      "text": "Fórmula: $(l)#formula#$()",
      "guard": "#éComposto",
      "x": 0,
      "y": 40
    },
    {
      "type": "text",
      "text": "#texto",
      "x": 0,
      "y": 60
    }
  ]
}