{
  "components": [
    {
      "type": "header",
      "text": "#âncora->fcapital",
      "x": -1,
      "y": -1
    },
    {
      "type": "item",
      "item": "#nós",
      "framed": true,
      "link_recipe": true,
      "x": 30,
      "y": 15
    },
    {
      "type": "item",
      "item": "#poeira",
      "framed": true,
      "link_recipe": true,
      "x": 50,
      "y": 15
    },
    {
      "type": "item",
      "item": "#lingote",
      "framed": true,
      "link_recipe": true,
      "x": 70,
      "y": 15
    },
    {
      "type": "text",
      "text": "Símbolo: $(l)#símbolo#$()$(br)Número atômico: $(l)#num#$()",
      "x": 0,
      "y": 40
    }
  ]
}