{
  "name": "General Info",
  "icon": "nuclearcraft:fission_casing",
  "category": "nuclearcraft:fission",
  "sortnum": 0,
  "pages": [
    {
      "anchor": "intro",
      "type": "text",
      "text": "Os reatores de fissão geram calor a partir da reação nuclear autossustentável do combustível de fissão. Esse calor é, por fim, transformado em eletricidade. O método de geração de eletricidade depende do tipo de reator que está sendo construído."
    },
    {
      "anchor": "casing",
      "type": "blocks/2",
      "header": "Reactor Casing",
      "block1": "nuclearcraft:fission_casing",
      "block2": "nuclearcraft:fission_glass",
      "text": "Os componentes internos do reator estão contidos dentro de um prisma retangular. O reator deve ter bordas compostas por $(item)Reactor Casing$(), enquanto as paredes do reator podem ser $(item)Reactor Glass$(), Reactor Casing ou ambos."
    },
    {
      "anchor": "controller",
      "type": "blocks/2",
      "header": "Reactor Controllers",
      "block1": "nuclearcraft:solid_fission_controller",
      "block2": "nuclearcraft:salt_fission_controller",
      "text": "O tipo de reator é determinado pelo $(item)Controlador do Reator$(), instalado em uma das paredes do reator. Sem um controlador, o multibloqueio do reator não será formado. Sua GUI mostrará informações sobre o reator, como as médias das estatísticas dos componentes relevantes."
    },
    {
      "anchor": "clusters",
      "type": "text",
      "title": "Reactor Clusters",
      "text": "Os clusters são grupos conectados de componentes condutores de calor. Esses componentes, que podem estar apenas em estado ativo ou inativo, conduzem calor quando ativos. Blocos passivos, como blocos $(l:fission/general#conductor)Condutor$(), sempre conduzem calor, enquanto $(l:fission/general#moderator)Moderadores$() e $(l:fission/general#reflector)Refletores$() não formam clusters."
    },
    {
      "type": "text",
      "title": "Reactor Clusters Cont.",
      "text": "Os componentes de um cluster compartilham um nível de calor combinado e, se ficarem muito quentes, sobreaquecerão coletivamente. Se o reator contiver um cluster que não esteja conectado ao invólucro, o multibloqueio não será formado."
    },
    {
      "anchor": "conductor",
      "type": "blocks/1",
      "header": "Conductor Blocks",
      "block": "nuclearcraft:fission_conductor",
      "text": "Os blocos condutores podem ser usados para unir esses blocos às paredes do reator. Os clusters também podem ser conectados entre si com o uso desses blocos."
    },
    {
      "anchor": "monitor",
      "type": "blocks/1",
      "header": "Reactor Monitors",
      "block": "nuclearcraft:fission_monitor",
      "text": "Os $(item)Reactor Monitors$() são usados para obter informações mais localizadas sobre as estatísticas de clusters individuais."
    },
    {
      "anchor": "fuel_component",
      "type": "blocks/2",
      "header": "Fuel Components",
      "block1": "nuclearcraft:solid_fission_cell",
      "block2": "nuclearcraft:salt_fission_vessel",
      "text": "Cada tipo de reator tem um $(item)Componente de Combustível$() associado, que armazena o combustível de fissão. Quando o combustível está passando por fissão, ele produz uma certa quantidade de calor. Os componentes de combustível também podem ser filtrados clicando com o botão direito do mouse sobre eles com um combustível para permitir reatores multicombustíveis."
    },
    {
      "anchor": "criticality",
      "type": "text",
      "title": "Criticality Factor",
      "text": "Para que os combustíveis possam sofrer fissão, eles devem receber um determinado fluxo de nêutrons, medido em N/t. Quando o fluxo de nêutrons que entra em um $(l:fissão/geral#componente_combustível)Componente Combustível$() está acima do fator de criticidade do combustível, o combustível começa a sofrer fissão. Isso não só produz calor, mas também mais nêutrons."
    },
    {
      "type": "text",
      "text": "Se o fluxo em uma célula de combustível ultrapassar duas vezes seu fator de criticidade, a eficiência do reator será reduzida. O fluxo de nêutrons também pode ser usado para criar receitas no Irradiador."
    },
    {
      "anchor": "moderator",
      "type": "blocks/3",
      "header": "Moderators",
      "block1": "nuclearcraft:ingot_block:8",
      "block2": "nuclearcraft:ingot_block:9",
      "block3": "nuclearcraft:heavy_water_moderator",
      "text": "Os moderadores podem desacelerar os nêutrons de alta energia produzidos pelos componentes de combustível, transformando-os em nêutrons que causarão mais fissão em outros componentes de combustível. Os moderadores são colocados em uma linha reta, com no máximo 4 blocos de comprimento. Em uma das extremidades da linha de moderadores, deve haver um componente de combustível ativo."
    },
    {
      "type": "text",
      "title": "Moderators Cont.",
      "text": "O fluxo de nêutrons gerado na outra extremidade será igual à soma dos fatores de fluxo de cada um dos moderadores nessa linha. Se houver células de combustível ativas em ambas as extremidades da linha do moderador, ambas as células receberão um fluxo de nêutrons igual à soma dos fatores de fluxo de cada moderador na linha. Em algumas regras de projeto, isso pode se referir a moderadores “ativos”. Moderadores ativos são moderadores diretamente adjacentes a uma célula de combustível ativa."
    },
    {
      "anchor": "heatsink",
      "type": "blocks/2",
      "block1": "nuclearcraft:solid_fission_sink:0,nuclearcraft:solid_fission_sink:1,nuclearcraft:solid_fission_sink:2,nuclearcraft:solid_fission_sink:3,nuclearcraft:solid_fission_sink:4,nuclearcraft:solid_fission_sink:5,nuclearcraft:solid_fission_sink:6,nuclearcraft:solid_fission_sink:7,nuclearcraft:solid_fission_sink:8,nuclearcraft:solid_fission_sink:9,nuclearcraft:solid_fission_sink:10,nuclearcraft:solid_fission_sink:11,nuclearcraft:solid_fission_sink:12,nuclearcraft:solid_fission_sink:13,nuclearcraft:solid_fission_sink:14,nuclearcraft:solid_fission_sink:15",
      "block2": "nuclearcraft:solid_fission_sink2:0,nuclearcraft:solid_fission_sink2:1,nuclearcraft:solid_fission_sink2:2,nuclearcraft:solid_fission_sink2:3,nuclearcraft:solid_fission_sink2:4,nuclearcraft:solid_fission_sink2:5,nuclearcraft:solid_fission_sink2:6,nuclearcraft:solid_fission_sink2:7,nuclearcraft:solid_fission_sink2:8,nuclearcraft:solid_fission_sink2:9,nuclearcraft:solid_fission_sink2:10,nuclearcraft:solid_fission_sink2:11,nuclearcraft:solid_fission_sink2:12,nuclearcraft:solid_fission_sink2:13,nuclearcraft:solid_fission_sink2:14,nuclearcraft:solid_fission_sink2:15",
      "header": "Heatsinks",
      "text": "Os dissipadores de calor e seus equivalentes ativos, os aquecedores de refrigerante, são utilizados no projeto de um reator para equilibrar o calor líquido do reator. O projetista deve ter como objetivo um calor líquido de 0 HU/t para um reator totalmente estável. Cada dissipador de calor tem regras de projeto específicas que devem ser seguidas."
    },
    {
      "type": "text",
      "text": "Os dissipadores de calor atuam para remover o calor do reator. Quando uma célula de combustível está ativa, ela produz calor igual à sua produção de calor base multiplicada pelo $(thing)Multiplicador de Calor$(). O multiplicador de calor de uma célula é determinado pelo número de linhas moderadoras. Assim, uma célula com uma única linha moderadora terá 100% de eficiência térmica, e uma célula com duas linhas moderadoras terá 200% de eficiência térmica."
    },
    {
      "type": "text",
      "title": "Heatsinks Continued",
      "text": "Quando um dissipador de calor válido é colocado dentro de um cluster, ele subtrai seu valor de resfriamento do calor total do cluster. Os dissipadores de calor têm valores de resfriamento variáveis e devem ser usados em conjunto para atingir um calor líquido de 0 HU/t, +/-5 HU/t."
    },
    {
      "anchor": "fission_source",
      "type": "blocks/3",
      "block1": "nuclearcraft:fission_source:0",
      "block2": "nuclearcraft:fission_source:1",
      "block3": "nuclearcraft:fission_source:2",
      "header": "Neutron Source",
      "text": "As fontes de nêutrons são usadas para iniciar a fissão dentro de um reator. Elas devem ser colocadas nas paredes do reator. Quando recebem um sinal redstone, a fonte “prepara” o componente de combustível para o qual está apontada, iniciando a fissão dentro dele e produzindo mais nêutrons para ativar outras células de combustível."
    },
    {
      "type": "text",
      "title": "Neutron Source Cont.",
      "text": "Para preparar um componente de combustível, o componente não deve estar obstruído por nada. O multiplicador de eficiência da fonte afeta a eficiência da célula de combustível que está sendo preparada."
    },
    {
      "anchor": "reflector",
      "type": "blocks/2",
      "header": "Reflectors",
      "block1": "nuclearcraft:fission_reflector:0",
      "block2": "nuclearcraft:fission_reflector:1",
      "text": "Quando um $(item)Refletor$() é usado, ele reflete o fluxo de nêutrons de volta para a fonte. Assim, um refletor com 100% de refletividade resultará no dobro do fluxo na célula de combustível, uma vez que os nêutrons voltam pelo $(l:fissão/geral#moderador)Moderadores$() sem qualquer perda. Os refletores não devem estar a mais de dois moderadores do componente de combustível ativo."
    },
    {
      "anchor": "irradiator",
      "type": "blocks/1",
      "header": "Irradiators",
      "block": "nuclearcraft:fission_irradiator",
      "text": "Quando colocado no final de uma linha $(l:fission/general#moderator)Moderator$(), $(item)Irradiators$() utilizará o fluxo de nêutrons para receitas de criação. Quanto maior o fluxo de nêutrons, mais rapidamente a receita de criação será concluída. Quando ativados, os irradiadores geram calor e liberam radiação no ambiente."
    },
    {
      "anchor": "shield",
      "type": "blocks/1",
      "header": "Neutron Shields",
      "block": "nuclearcraft:fission_shield:0",
      "text": "Os escudos de nêutrons (item) atuam como um moderador (l:fission/general#moderator) que pode ser ativado ou desativado. Quando desativados, os escudos de nêutrons bloqueiam o fluxo de nêutrons e geram calor. Quando ativados, os escudos de nêutrons permitem a passagem do fluxo de nêutrons, mas não adicionam fluxo como um moderador. Eles podem ser usados para desativar os canais moderadores enquanto o reator ainda está montado."
    },
    {
      "anchor": "planner",
      "type": "text",
      "title": "Design Considerations",
      "text": "Ao projetar um reator, recomenda-se o uso de um $(l:https://github.com/ThizThizzyDizzy/nc-reactor-generator/releases)planejador de reator$(). Os planejadores de reator auxiliam no projeto do reator, fornecendo feedback sobre regras de projeto, controle de calor e produção prevista."
    }
  ]
}