{
  "name": "Molten Salt Reactor (WIP)",
  "icon": "nuclearcraft:salt_fission_controller",
  "category": "nuclearcraft:fission",
  "sortnum": 3,
  "pages": [
    {
      "anchor": "intro",
      "type": "text",
      "text": "O reator de fissão de sal fundido utiliza um combustível de fissão líquido. O calor gerado é transferido para um refrigerante de sal fundido, que por sua vez é utilizado para produzir vapor em um $(l:heat_exchanger/heat_exchanger#intro)Trocador de Calor$(). Como os trocadores de calor ainda não foram totalmente implementados, os reatores de sal fundido são atualmente inúteis."
    }
  ]
}