{
  "name": "Pebble-Bed Reactor (WIP)",
  "icon": "nuclearcraft:fuel_uranium",
  "category": "nuclearcraft:fission",
  "sortnum": 1,
  "pages": [
    {
      "anchor": "intro",
      "type": "text",
      "text": "O reator de fissão de leito de esferas utiliza combustível de fissão sólido na forma de pastilhas em camadas. O calor gerado é transferido para um refrigerante a gás e transformado em energia útil por um gerador termoelétrico interno. Os reatores de leito de esferas ainda não foram implementados."
    }
  ]
}