{
  "armormodifier": "fire_resistant_armor",
  "text": [
    {
      "text": "Wenn du deine Rüstung mit feuerfestem Material überziehst, wird es schwieriger, dich in Brand zu setzen."
    },
    {
      "text": "\n"
    },
    {
      "text": "Es ist nur Wissenschaft."
    }
  ],
  "effects": [
    "Reduziert Schaden durch Feuer und Lava",
    "Benötigt nur 1 Modifikator",
    "Nicht kompatibel mit anderen Resistenz-Arten",
    "Mehrere Stufen"
  ],
  "demoArmor": [
    "conarm:helmet",
    "conarm:chestplate",
    "conarm:leggings",
    "conarm:boots"
  ]
}