{
  "size": [
    4,
    4,
    4
  ],
  "structure": [
    {
      "pos": [
        2,
        1,
        3
      ],
      "endPos": [
        2,
        1,
        3
      ],
      "block": "forno_seared_controlador",
      "state": {
        "facing": "south",
        "active": "true"
      }
    },
    {
      "pos": [
        0,
        1,
        3
      ],
      "endPos": [
        0,
        1,
        3
      ],
      "block": "tanque de fundição",
      "meta": 3
    },
    {
      "pos": [
        0,
        0,
        0
      ],
      "endPos": [
        3,
        0,
        3
      ],
      "block": "tconstruct:seared (Tradução: tconstruct:queimado)  \n\n[Nota: Mantido o prefixo \"tconstruct:\" conforme solicitado, com a tradução concisa \"queimado\" para o contexto do mod.]",
      "meta": 3
    },
    {
      "pos": [
        0,
        3,
        0
      ],
      "endPos": [
        3,
        3,
        3
      ],
      "block": "tconstruct:seared (Tradução: tconstruct:queimado)  \n\n[Nota: Mantido o prefixo \"tconstruct:\" conforme solicitado, com a tradução concisa \"queimado\" para o contexto do mod.]",
      "meta": 3
    },
    {
      "pos": [
        0,
        1,
        1
      ],
      "endPos": [
        0,
        2,
        3
      ],
      "block": "tconstruct:seared (Tradução: tconstruct:queimado)  \n\n[Nota: Mantido o prefixo \"tconstruct:\" conforme solicitado, com a tradução concisa \"queimado\" para o contexto do mod.]",
      "meta": 3
    },
    {
      "pos": [
        3,
        1,
        1
      ],
      "endPos": [
        3,
        2,
        3
      ],
      "block": "tconstruct:seared (Tradução: tconstruct:queimado)  \n\n[Nota: Mantido o prefixo \"tconstruct:\" conforme solicitado, com a tradução concisa \"queimado\" para o contexto do mod.]",
      "meta": 3
    },
    {
      "pos": [
        0,
        1,
        0
      ],
      "endPos": [
        3,
        2,
        0
      ],
      "block": "tconstruct:seared (Tradução: tconstruct:queimado)  \n\n[Nota: Mantido o prefixo \"tconstruct:\" conforme solicitado, com a tradução concisa \"queimado\" para o contexto do mod.]",
      "meta": 3
    },
    {
      "pos": [
        0,
        1,
        3
      ],
      "endPos": [
        3,
        2,
        3
      ],
      "block": "tconstruct:seared (Tradução: tconstruct:queimado)  \n\n[Nota: Mantido o prefixo \"tconstruct:\" conforme solicitado, com a tradução concisa \"queimado\" para o contexto do mod.]",
      "meta": 3
    }
  ]
}