{
  "size": [
    5,
    3,
    5
  ],
  "structure": [
    {
      "pos": [
        1,
        0,
        1
      ],
      "endPos": [
        3,
        0,
        3
      ],
      "block": "tconstruct:seared (Tradução: tconstruct:queimado)  \n\n[Nota: Mantido o prefixo \"tconstruct:\" conforme solicitado, com a tradução concisa \"queimado\" para o contexto do mod.]",
      "meta": 3
    },
    {
      "pos": [
        0,
        1,
        1
      ],
      "endPos": [
        0,
        2,
        3
      ],
      "block": "tconstruct:seared (Tradução: tconstruct:queimado)  \n\n[Nota: Mantido o prefixo \"tconstruct:\" conforme solicitado, com a tradução concisa \"queimado\" para o contexto do mod.]",
      "meta": 3
    },
    {
      "pos": [
        4,
        1,
        1
      ],
      "endPos": [
        4,
        2,
        3
      ],
      "block": "tconstruct:seared (Tradução: tconstruct:queimado)  \n\n[Nota: Mantido o prefixo \"tconstruct:\" conforme solicitado, com a tradução concisa \"queimado\" para o contexto do mod.]",
      "meta": 3
    },
    {
      "pos": [
        1,
        1,
        4
      ],
      "endPos": [
        1,
        1,
        4
      ],
      "block": "tanque de fundição"
    },
    {
      "pos": [
        2,
        1,
        4
      ],
      "endPos": [
        2,
        1,
        4
      ],
      "block": "tconstruct:controlador_de_fundicao",
      "state": {
        "facing": "south",
        "active": "true"
      }
    },
    {
      "pos": [
        3,
        1,
        4
      ],
      "endPos": [
        3,
        1,
        4
      ],
      "block": "tconstruct:fundição_io",
      "meta": 0
    },
    {
      "pos": [
        1,
        2,
        4
      ],
      "endPos": [
        3,
        2,
        4
      ],
      "block": "tconstruct:seared (Tradução: tconstruct:queimado)  \n\n[Nota: Mantido o prefixo \"tconstruct:\" conforme solicitado, com a tradução concisa \"queimado\" para o contexto do mod.]",
      "meta": 3
    },
    {
      "pos": [
        1,
        1,
        0
      ],
      "endPos": [
        3,
        2,
        0
      ],
      "block": "tconstruct:seared (Tradução: tconstruct:queimado)  \n\n[Nota: Mantido o prefixo \"tconstruct:\" conforme solicitado, com a tradução concisa \"queimado\" para o contexto do mod.]",
      "meta": 3
    }
  ]
}