{
  "size": [
    4,
    4,
    4
  ],
  "structure": [
    {
      "pos": [
        2,
        0,
        3
      ],
      "endPos": [
        2,
        0,
        3
      ],
      "block": "construir:controlador_de_tanque_de_engenho",
      "state": {
        "facing": "south",
        "active": "true"
      }
    },
    {
      "pos": [
        1,
        0,
        3
      ],
      "endPos": [
        1,
        0,
        3
      ],
      "block": "tconstruct:fundição_io",
      "state": {
        "facing": "south"
      }
    },
    {
      "pos": [
        2,
        1,
        0
      ],
      "endPos": [
        2,
        1,
        0
      ],
      "block": "tconstruct:fundição_io",
      "state": {
        "facing": "north"
      }
    },
    {
      "pos": [
        0,
        0,
        0
      ],
      "endPos": [
        3,
        0,
        3
      ],
      "block": "tconstruct:seared (Tradução: tconstruct:queimado)  \n\n[Nota: Mantido o prefixo \"tconstruct:\" conforme solicitado, com a tradução concisa \"queimado\" para o contexto do mod.]",
      "meta": 3
    },
    {
      "pos": [
        1,
        3,
        1
      ],
      "endPos": [
        2,
        3,
        2
      ],
      "block": "tconstruct:vidro_chamuscado"
    },
    {
      "pos": [
        0,
        3,
        0
      ],
      "endPos": [
        3,
        3,
        3
      ],
      "block": "tconstruct:seared (Tradução: tconstruct:queimado)  \n\n[Nota: Mantido o prefixo \"tconstruct:\" conforme solicitado, com a tradução concisa \"queimado\" para o contexto do mod.]",
      "meta": 3
    },
    {
      "pos": [
        1,
        1,
        1
      ],
      "endPos": [
        2,
        2,
        2
      ],
      "block": "bloco de ar"
    },
    {
      "pos": [
        0,
        1,
        0
      ],
      "endPos": [
        3,
        2,
        3
      ],
      "block": "tconstruct:vidro_chamuscado"
    }
  ]
}