{
  "title": "Alloying",
  "text": [
    {
      "text": "As ligas são feitas quando dois ou mais fluidos são misturados em proporções precisas. Aqui estão algumas ligas que você pode experimentar:"
    },
    {
      "text": "\n"
    },
    {
      "text": "§lBronze"
    },
    {
      "text": "\n"
    },
    {
      "text": "Cobre(3) e Estanho(1)"
    },
    {
      "text": "\n"
    },
    {
      "text": "§lAlumínio Latão"
    },
    {
      "text": "\n"
    },
    {
      "text": "Alumínio (3) e cobre (1)"
    },
    {
      "text": "\n"
    },
    {
      "text": "§lManyullyn"
    },
    {
      "text": "\n"
    },
    {
      "text": "Cobalto(2) e Ardite(2)"
    },
    {
      "text": "\n"
    },
    {
      "text": "§lAlumite"
    },
    {
      "text": "\n"
    },
    {
      "text": "Alumínio (1), Ferro (1) e Obsidiana (1)"
    },
    {
      "text": "\n"
    },
    {
      "text": "§lFerro-gusa"
    },
    {
      "text": "\n"
    },
    {
      "text": "Ferro (1), Sangue (1) e Argila (0,5)"
    },
    {
      "text": "\n"
    },
    {
      "text": "§lKnightslime"
    },
    {
      "text": "\n"
    },
    {
      "text": "Ferro (0,5), Lodo Roxo (0,5) e Pedra Queimada (0,5)"
    }
  ]
}