{
  "title": "Cast Crafting",
  "text": [
    {
      "text": "Os moldes em branco são feitos derramando alumínio, latão ou ouro (ou outros metais compatíveis) em uma mesa de fundição vazia. Eles são usados em receitas de criação e podem ser refundidos."
    },
    {
      "text": "\n"
    },
    {
      "text": "As várias peças fundidas são feitas derramando alumínio, latão ou ouro (ou outros metais compatíveis) sobre a peça correspondente da ferramenta. É altamente recomendável usar um material barato, como pedra, pois você perderá a peça da ferramenta após a conclusão do processo.",
      "paragraph": true
    }
  ]
}