{
  "title": "Entity Melting",
  "text": [
    {
      "text": "Você pode obter certos líquidos derretendo entidades presas em uma fundição ativa. Aqui estão alguns líquidos que você pode experimentar:"
    },
    {
      "text": "\n"
    },
    {
      "text": "§lSangue"
    },
    {
      "text": "\n"
    },
    {
      "text": "Derreta a maioria das entidades ou carne podre."
    },
    {
      "text": "\n"
    },
    {
      "text": "§lMolten §lEmerald"
    },
    {
      "text": "\n"
    },
    {
      "text": "Derreta esmeraldas ou aldeões (incluindo vilões)."
    },
    {
      "text": "\n"
    },
    {
      "text": "§lLíquido §lLodo"
    },
    {
      "text": "\n"
    },
    {
      "text": "Derreta os slimes ou encontre alguns nas ilhas de slime. Este líquido funciona como um gerador de slimes e está disponível em várias cores."
    },
    {
      "text": "\n"
    },
    {
      "text": "§lAlmofada §lSangue"
    },
    {
      "text": "\n"
    },
    {
      "text": "Derreta as chamas. Este líquido também é usado como fonte de combustível mais forte em comparação com a lava."
    }
  ]
}