{
  "armormodifier": "extratrait_armor",
  "text": [
    {
      "text": "갑옷의 조각을 가져와 당신의 갑옷에 엠보싱하세요! 갑옷은 갑옷조각의 특성을 띠게 되지만, 스테이터스는 그대로입니다."
    }
  ],
  "effects": [
    "다른 부품의 특성을 추가합니다.",
    "기본적으론 부품교환과 같습니다.",
    "이제 더이상 엠보싱을 할 수 없습니다.",
    "모디파이어를 사용하지 않습니다."
  ],
  "demoArmor": [
    "conarm:chestplate"
  ]
}