{
  "armormodifier": "frostwalker_armor",
  "text": [
    {
      "text": "여러분의 발에 초저온 얼음과 백합을 붙이면 물을 얼릴정도로 차가워 집니다."
    },
    {
      "text": "\n"
    },
    {
      "text": "다시만드는것이 더 강력할수 있을까요?"
    }
  ],
  "effects": [
    "주변의 물 동결",
    "뜨거운 표면을 걷는것으로 인한 피해를 없앰",
    "부츠에만 적용 가능",
    "다중레벨"
  ],
  "demoArmor": [
    "conarm:boots"
  ]
}