{
  "title": "欢迎",
  "text": [
    {
      "text": "欢迎阅读《盔甲锻造手册》！"
    },
    {
      "text": "如果你正在读这本书，这就说明你一定是一位强悍的匠人，正期望步入装甲的领域。这本指导书会与你在铸造绝世护甲之路上同行。你会在这里找到关于装配台的信息，还有不同的材料将如何影响你的装备。",
      "paragraph": true
    },
    {
      "text": "师傅领进门，修行靠个人。祝你在铸造之路上顺风顺水。",
      "paragraph": true
    }
  ]
}