{
  "name": "Collector Machines",
  "icon": "nuclearcraft:cobblestone_generator",
  "category": "nuclearcraft:machines",
  "sortnum": 2,
  "pages": [
    {
      "anchor": "intro",
      "type": "text",
      "text": "Essas máquinas geram materiais continuamente ao longo do tempo. Elas empurram seus itens ou fluidos para recipientes adjacentes, se possível."
    },
    {
      "anchor": "cobblestone_generator",
      "type": "blocks/3",
      "header": "Cobblestone Generators",
      "block1": "nuclearcraft:cobblestone_generator",
      "block2": "nuclearcraft:cobblestone_generator_compact",
      "block3": "nuclearcraft:cobblestone_generator_dense",
      "text": "O $(item)Gerador de paralelepípedos$() gera paralelepípedos continuamente a uma taxa específica através da combinação de água e lava."
    },
    {
      "anchor": "water_source",
      "type": "blocks/3",
      "header": "Infinite Water Sources",
      "block1": "nuclearcraft:water_source",
      "block2": "nuclearcraft:water_source_compact",
      "block3": "nuclearcraft:water_source_dense",
      "text": "A $(item)Fonte Infinita de Água$() produz água a uma taxa específica através do uso de uma fonte infinita de água."
    },
    {
      "anchor": "nitrogen_collector",
      "type": "blocks/3",
      "header": "Nitrogen Collectors",
      "block1": "nuclearcraft:nitrogen_collector",
      "block2": "nuclearcraft:nitrogen_collector_compact",
      "block3": "nuclearcraft:nitrogen_collector_dense",
      "text": "O $(item)Coletor de nitrogênio$() separa e coleta nitrogênio do ar a uma taxa específica."
    }
  ]
}