{
  "name": "Generator Machines",
  "icon": "nuclearcraft:solar_panel_basic",
  "category": "nuclearcraft:machines",
  "sortnum": 1,
  "pages": [
    {
      "anchor": "intro",
      "type": "text",
      "text": "Essas máquinas geram energia em quantidades relativamente pequenas, mas também são simples de operar."
    },
    {
      "anchor": "solar_panel",
      "type": "blocks/4",
      "header": "Solar Panels",
      "block1": "nuclearcraft:solar_panel_basic",
      "block2": "nuclearcraft:solar_panel_advanced",
      "block3": "nuclearcraft:solar_panel_du",
      "block4": "nuclearcraft:solar_panel_elite",
      "text": "Os painéis solares geram energia a uma taxa específica durante o dia."
    },
    {
      "anchor": "decay_generator",
      "type": "blocks/1",
      "header": "Decay Generator",
      "block": "nuclearcraft:decay_generator",
      "text": "O $(item)Gerador de Decadência$() gera energia a partir da decomposição de blocos radioativos adjacentes."
    }
  ]
}