{
  "name": "Miscellaneous Machines",
  "icon": "nuclearcraft:bin",
  "category": "nuclearcraft:machines",
  "sortnum": 3,
  "pages": [
    {
      "anchor": "intro",
      "type": "text",
      "text": "Esses blocos semelhantes a máquinas ajudam a construir uma fábrica limpa, eficiente e orientada para a energia nuclear."
    },
    {
      "anchor": "machine_interface",
      "type": "blocks/1",
      "header": "Machine Interface",
      "block": "nuclearcraft:machine_interface",
      "text": "A $(item)Interface da máquina$() amplia uma máquina de processamento em um de seus lados. Ela pode ser usada se não houver espaço para tubos ou cabos."
    },
    {
      "anchor": "bin",
      "type": "blocks/1",
      "header": "Universal Bin",
      "block": "nuclearcraft:bin",
      "text": "O $(item)Universal Bin$() permite o descarte simples de qualquer coisa. Ele destrói todos os materiais e energia que lhe são fornecidos."
    }
  ]
}