{
  "name": "Processing Machines",
  "icon": "nuclearcraft:manufactory",
  "category": "nuclearcraft:machines",
  "sortnum": 0,
  "pages": [
    {
      "anchor": "intro",
      "type": "text",
      "text": "Essas máquinas processam materiais, geralmente por meio do uso de energia, para converter materiais de um tipo para outro."
    },
    {
      "anchor": "nuclear_furnace",
      "type": "blocks/1",
      "header": "Nuclear Furnace",
      "block": "nuclearcraft:nuclear_furnace",
      "text": "O $(item)Forno Nuclear$() funde itens rapidamente, usando lingotes ou pó de urânio como combustível."
    },
    {
      "anchor": "manufactory",
      "type": "blocks/1",
      "header": "Manufactory",
      "block": "nuclearcraft:manufactory",
      "text": "A $(item)Manufactory$() é uma máquina com muitas utilidades, principalmente no processamento de materiais."
    },
    {
      "anchor": "separator",
      "type": "blocks/1",
      "header": "Separator",
      "block": "nuclearcraft:separator",
      "text": "O $(item)Separador$() separa os materiais em suas partes constituintes."
    },
    {
      "anchor": "decay_hastener",
      "type": "blocks/1",
      "header": "Decay Hastener",
      "block": "nuclearcraft:decay_hastener",
      "text": "O $(item)Decay Hastener$() força os materiais radioativos a decair, resultando na formação de um isótopo ou material diferente. A radiação é liberada durante o processo de decaimento."
    },
    {
      "anchor": "fuel_reprocessor",
      "type": "blocks/1",
      "header": "Fuel Reprocessor",
      "block": "nuclearcraft:fuel_reprocessor",
      "text": "O Reprocessador de Combustível extrai materiais do combustível esgotado, permitindo o isolamento de materiais úteis do combustível esgotado."
    },
    {
      "anchor": "alloy_furnace",
      "type": "blocks/1",
      "header": "Alloy Furnace",
      "block": "nuclearcraft:alloy_furnace",
      "text": "O $(item)Forno de Liga$() combina metais básicos para formar ligas."
    },
    {
      "anchor": "fluid_infuser",
      "type": "blocks/1",
      "header": "Fluid Infuser",
      "block": "nuclearcraft:infuser",
      "text": "O $(item)Fluid Infuser$() adiciona fluidos aos materiais."
    },
    {
      "anchor": "melter",
      "type": "blocks/1",
      "header": "Melter",
      "block": "nuclearcraft:melter",
      "text": "O $(item)Melter$() derrete materiais até ficarem na forma líquida."
    },
    {
      "anchor": "supercooler",
      "type": "blocks/1",
      "header": "Supercooler",
      "block": "nuclearcraft:supercooler",
      "text": "O $(item)Supercooler$() reduz a temperatura dos fluidos."
    },
    {
      "anchor": "electrolyzer",
      "type": "blocks/1",
      "header": "Electrolyzer",
      "block": "nuclearcraft:electrolyzer",
      "text": "O $(item)Electrolyzer$() divide os fluidos em suas partes constituintes."
    },
    {
      "anchor": "assembler",
      "type": "blocks/1",
      "header": "Assembler",
      "block": "nuclearcraft:assembler",
      "text": "O $(item)Assembler$() combina componentes em um produto complexo."
    },
    {
      "anchor": "ingot_former",
      "type": "blocks/1",
      "header": "Ingot Former",
      "block": "nuclearcraft:ingot_former",
      "text": "O $(item)Ingot Former$() transforma materiais fundidos em lingotes ou gemas."
    },
    {
      "anchor": "pressurizer",
      "type": "blocks/1",
      "header": "Pressurizer",
      "block": "nuclearcraft:pressurizer",
      "text": "O $(item)pressurizador$() processa materiais sob pressão intensa."
    },
    {
      "anchor": "chemical_reactor",
      "type": "blocks/1",
      "header": "Chemical Reactor",
      "block": "nuclearcraft:chemical_reactor",
      "text": "O $(item)Reator Químico$() abriga reações entre fluidos, permitindo que reações químicas ocorram."
    },
    {
      "anchor": "salt_mixer",
      "type": "blocks/1",
      "header": "Fluid Mixer",
      "block": "nuclearcraft:salt_mixer",
      "text": "O $(item)Fluid Mixer$() mistura fluidos."
    },
    {
      "anchor": "crystallizer",
      "type": "blocks/1",
      "header": "Crystallizer",
      "block": "nuclearcraft:crystallizer",
      "text": "O $(item)Crystallizer$() precipita sólidos a partir de um fluido."
    },
    {
      "anchor": "fluid_enricher",
      "type": "blocks/1",
      "header": "Fluid Enricher",
      "block": "nuclearcraft:enricher",
      "text": "O $(item)Fluid Enricher$() adiciona materiais aos fluidos."
    },
    {
      "anchor": "fluid_extractor",
      "type": "blocks/1",
      "header": "Fluid Extractor",
      "block": "nuclearcraft:extractor",
      "text": "O Extrator de Fluidos extrai fluidos dos materiais."
    },
    {
      "anchor": "centrifuge",
      "type": "blocks/1",
      "header": "Centrifuge",
      "block": "nuclearcraft:centrifuge",
      "text": "A $(item)Centrífuga$() separa isótopos de materiais fluidos."
    },
    {
      "anchor": "rock_crusher",
      "type": "blocks/1",
      "header": "Rock Crusher",
      "block": "nuclearcraft:rock_crusher",
      "text": "O $(item)Triturador de Pedras$() tritura pedras para produzir pó mineral."
    }
  ]
}