{
  "name": "Batteries",
  "icon": "nuclearcraft:lithium_ion_battery_basic",
  "category": "nuclearcraft:multiblocks",
  "sortnum": 1,
  "pages": [
    {
      "anchor": "voltaic_pile",
      "type": "blocks/4",
      "header": "Voltaic Piles",
      "block1": "nuclearcraft:voltaic_pile_basic",
      "block2": "nuclearcraft:voltaic_pile_advanced",
      "block3": "nuclearcraft:voltaic_pile_du",
      "block4": "nuclearcraft:voltaic_pile_elite",
      "text": "A pilha voltaica armazena energia. Quando colocadas lado a lado, elas formam multiblocks que armazenam energia como um único reservatório."
    },
    {
      "anchor": "lithium_ion_battery",
      "type": "blocks/4",
      "header": "Lithium Ion Batteries",
      "block1": "nuclearcraft:lithium_ion_battery_basic",
      "block2": "nuclearcraft:lithium_ion_battery_advanced",
      "block3": "nuclearcraft:lithium_ion_battery_du",
      "block4": "nuclearcraft:lithium_ion_battery_elite",
      "text": "A bateria de íons de lítio $(item)Lithium Ion Battery$(), assim como a pilha voltaica, armazena energia. A bateria de íons de lítio tem uma densidade energética maior do que a pilha voltaica. Quando colocadas lado a lado, elas formam multiblocks que armazenam energia como um único pool."
    }
  ]
}