{
  "name": "RTGs",
  "icon": "nuclearcraft:rtg_uranium",
  "category": "nuclearcraft:multiblocks",
  "sortnum": 0,
  "pages": [
    {
      "anchor": "rtg",
      "type": "blocks/4",
      "header": "RTGs",
      "block1": "nuclearcraft:rtg_uranium",
      "block2": "nuclearcraft:rtg_plutonium",
      "block3": "nuclearcraft:rtg_americium",
      "block4": "nuclearcraft:rtg_californium",
      "text": "Os RTGs geram energia a partir da decomposição de um radioisótopo. Quando colocados lado a lado, eles formam multiblocks que geram energia em um único pool."
    }
  ]
}