{
  "name": "Turbine",
  "icon": "nuclearcraft:turbine_controller",
  "category": "nuclearcraft:multiblocks",
  "sortnum": 2,
  "pages": [
    {
      "anchor": "intro",
      "type": "text",
      "text": "As turbinas extraem energia do vapor pressurizado, produzindo um fluido de exaustão no processo."
    },
    {
      "anchor": "casing",
      "type": "blocks/2",
      "header": "Turbine Casing",
      "block1": "nuclearcraft:turbine_casing",
      "block2": "nuclearcraft:turbine_glass",
      "text": "Os componentes internos da turbina estão contidos em um prisma retangular. A turbina deve ter bordas compostas por $(item)Turbine Casing$(), enquanto as paredes da turbina podem ser $(item)Turbine Glass$(), turbina casing ou ambos. Se for utilizado vidro, o interior da turbina será renderizado, o que pode causar problemas de desempenho."
    },
    {
      "anchor": "controller",
      "type": "blocks/1",
      "header": "Turbine Controller",
      "block": "nuclearcraft:turbine_controller",
      "text": "O $(item)Controlador da Turbina$() exibe informações sobre a turbina e permite que ela seja ativada ou desativada. O controlador deve ser colocado dentro de uma parede da turbina. Sem um controlador, o multibloqueio da turbina não será formado. A turbina só funcionará se o controlador receber um sinal redstone."
    },
    {
      "anchor": "rotor_shaft",
      "type": "blocks/1",
      "header": "Turbine Rotor Shaft",
      "block": "nuclearcraft:turbine_rotor_shaft",
      "text": "O $(item)Eixo do rotor da turbina$() é o núcleo da turbina. Deve ser um eixo de qualquer diâmetro, colocado no centro da turbina e conectado aos $(item)Rolamentos do rotor da turbina$() em ambas as extremidades. O diâmetro do eixo pode ser até dois centímetros menor que o diâmetro da turbina."
    },
    {
      "anchor": "rotor_bearing",
      "type": "blocks/1",
      "header": "Turbine Rotor Bearing",
      "block": "nuclearcraft:turbine_rotor_bearing",
      "text": "Os rolamentos do rotor da turbina conectam o eixo do rotor da turbina ao invólucro. Os rolamentos devem cobrir toda a extremidade do eixo do rotor em ambas as faces da turbina."
    },
    {
      "anchor": "rotor_blades",
      "type": "blocks/3",
      "header": "Turbine Rotor Blades",
      "block1": "nuclearcraft:turbine_rotor_blade_steel",
      "block2": "nuclearcraft:turbine_rotor_blade_extreme",
      "block3": "nuclearcraft:turbine_rotor_blade_sic_sic_cmc",
      "text": "As pás do rotor da turbina utilizam a energia do vapor para girar o eixo do rotor. As pás devem ser posicionadas de forma que haja apenas um tipo de pá por camada do eixo do rotor. Cada lado do eixo da turbina precisa ser coberto por pás, que devem se estender até a parede da turbina."
    },
    {
      "type": "text",
      "title": "Turbine Blades Cont.",
      "text": "Cada pá da turbina pode processar uma determinada quantidade de vapor. Se for introduzida mais vapor na turbina do que as pás podem processar, a turbina irá quebrar. Quando o vapor flui através de cada conjunto de pás, ele se expande em uma determinada quantidade. Quanto mais próxima esta $(coisa)Taxa de Expansão$() estiver da $(coisa)Taxa de Expansão Ideal$() por camada do eixo, mais eficiente será a turbina."
    },
    {
      "anchor": "stator",
      "type": "blocks/1",
      "header": "Turbine Rotor Stator",
      "block": "nuclearcraft:turbine_rotor_stator",
      "text": "Os rotores de turbina (item) são semelhantes às pás, mas quando o vapor passa pelos rotores, ele se contrai em vez de se expandir. Os rotores não processam vapor, nem aumentam o vapor máximo da turbina. As regras de posicionamento dos rotores são idênticas às das pás do rotor."
    },
    {
      "anchor": "dynamo_coil",
      "type": "blocks/1",
      "header": "Turbine Dynamo Coil",
      "block": "nuclearcraft:bobina_dínamo_turbina:0,nuclearcraft:bobina_dínamo_turbina:1,nuclearcraft:bobina_dínamo_turbina:2,nuclearcraft:bobina_dínamo_turbina:3,nuclearcraft:bobina_dínamo_turbina:4,nuclearcraft:bobina_dínamo_turbina:5",
      "text": "As bobinas do dínamo da turbina convertem a rotação do eixo em energia. Elas são colocadas nas paredes nas mesmas faces que os rolamentos do rotor."
    },
    {
      "type": "text",
      "title": "Dynamo Coil Cont.",
      "text": "As bobinas do dínamo da turbina devem ser combinadas para atingir a maior eficiência possível, respeitando as regras de projeto. A eficiência é calculada tomando-se a média $(thing)Multiplicador de Condutividade$() de todas as bobinas de um lado e, em seguida, multiplicando-a pelo multiplicador de condutividade médio de todas as bobinas do outro lado."
    },
    {
      "anchor": "inlet",
      "type": "blocks/1",
      "header": "Turbine Fluid Inlet",
      "block": "nuclearcraft:turbine_inlet",
      "text": "$(item)Entradas de fluido da turbina$() permitem que o vapor entre na turbina. Elas devem ser colocadas em uma das faces da turbina que possui um rolamento do rotor."
    },
    {
      "anchor": "outlet",
      "type": "blocks/1",
      "header": "Turbine Fluid Outlet",
      "block": "nuclearcraft:turbine_outlet",
      "text": "As saídas de fluido da turbina permitem que o vapor de exaustão saia da turbina. Elas devem ser colocadas em uma das faces da turbina que possui um rolamento do rotor, na face oposta à entrada de fluido."
    },
    {
      "type": "text",
      "title": "Design Considerations",
      "text": "Ao projetar uma turbina, devido à sua natureza complexa, recomenda-se o uso de um $(l:https://github.com/ThizThizzyDizzy/nc-reactor-generator/releases)planejador de reatores com capacidade de planejamento de turbinas$() ou um planejador de turbinas dedicado. Os planejadores de turbinas auxiliam no projeto da turbina, fornecendo feedback sobre regras de projeto, expansão e eficiência prevista."
    },
    {
      "type": "text",
      "text": "Por uma questão de concisão e clareza, foi omitida uma descrição completa do funcionamento das turbinas. Para obter mais informações, assista a este vídeo (https://youtu.be/p555h2peays)."
    },
    {
      "anchor": "examples",
      "type": "text",
      "title": "Turbine Examples",
      "text": "Aqui está um exemplo de uma turbina válida e funcional. Esta turbina foi intencionalmente projetada para ser ineficiente. O projeto de turbinas maiores e mais eficientes será deixado como exercício para o leitor."
    },
    {
      "type": "multiblock",
      "name": "Small Turbine Example",
      "multiblock": {
        "mapping": {
          "F": "nuclearcraft:turbine_casing",
          "G": "nuclearcraft:turbine_glass",
          "M": "nuclearcraft:bobina_dínamo_turbina[tipo=magnésio]",
          "B": "nuclearcraft:turbine_rotor_bearing",
          "S": "nuclearcraft:turbine_rotor_shaft",
          "I": "nuclearcraft:turbine_inlet",
          "O": "nuclearcraft:turbine_outlet",
          "C": "nuclearcraft:turbine_controller",
          "b": "nuclearcraft:turbine_rotor_blade_steel",
          "s": "nuclearcraft:turbine_rotor_stator",
          "0": "nuclearcraft:turbine_casing"
        },
        "pattern": [
          [
            "FFFFF",
            "FGGGF",
            "FGGGF",
            "FGGGF",
            "FGGGF",
            "FGGGF",
            "FFFFF"
          ],
          [
            "FFMFF",
            "G b G",
            "G b G",
            "G com G",
            "G b G",
            "G b G",
            "FFMFF"
          ],
          [
            "FMBMF",
            "GbSbG",
            "GbSbG",
            "GsSsG",
            "GbSbG",
            "GbSbG",
            "FMBMF"
          ],
          [
            "FIMFF",
            "Dó maior, Sol maior",
            "G b G",
            "G com G",
            "G b G",
            "G b G",
            "FFMOF"
          ],
          [
            "FFFF0",
            "FFFFF",
            "FFFFF",
            "FFFFF",
            "FFFFF",
            "FFFFF",
            "FFFFF"
          ]
        ]
      }
    }
  ]
}