{
  "title": "盔甲组装台和装配台",
  "text": [
    {
      "text": "要制作护甲，你需要两个新的匠魂工作台：盔甲组装台和盔甲装配台。"
    },
    {
      "text": "盔甲组装台是入门级别的护甲工作台。它可以制作护甲、修理和更换部件，但它不能对护甲进行强化。",
      "paragraph": true
    },
    {
      "text": "盔甲装配台是升级的盔甲组装台，能够最终强化护甲以获得更强的能力。",
      "paragraph": true
    }
  ]
}