{
  "title": "Repairing",
  "image": {
    "file": "conarm:textures/gui/book/repair.png",
    "width": 136,
    "height": 70
  },
  "text": [
    {
      "text": "问题来了该如何修理护甲呢？其实这很简单，只需要将它们放入组装台或者转配台，然后放上和护甲基底相同的材料即可。"
    },
    {
      "text": "另外，你也可以不使用组装/装配台进行修复。你只需要随身携带一个抛光工具即可。",
      "paragraph": true
    }
  ]
}