{
  "armormodifier": "night_vision_armor",
  "text": [
    {
      "text": "Modificando seus óculos com certos itens, você pode ter visão noturna em vez de zoom."
    },
    {
      "text": "\n"
    },
    {
      "text": "Enquanto estiver usando estes óculos, você pode ver claramente mesmo nos lugares mais escuros."
    }
  ],
  "effects": [
    "Dá visão noturna ao usuário",
    "Ativa/Desativa visão noturna com uma tecla",
    "Usa durabilidade para ativar visão noturna",
    "Apenas 1 acessório por item"
  ],
  "demoArmor": [
    "conarm:helmet"
  ]
}