{
  "name": "Hazmat Suit",
  "icon": "nuclearcraft:helm_hazmat",
  "category": "nuclearcraft:items",
  "sortnum": 0,
  "pages": [
    {
      "anchor": "hazmat",
      "type": "items/4",
      "header": "Hazmat Suit",
      "item1": "nuclearcraft:helm_hazmat",
      "item2": "nuclearcraft:chest_hazmat",
      "item3": "nuclearcraft:legs_hazmat",
      "item4": "nuclearcraft:boots_hazmat",
      "text": "O $(item)Traje de proteção contra materiais perigosos$() é usado para reduzir a exposição à radiação. Cada parte do conjunto tem uma resistência à radiação que determina o nível de proteção que oferece contra a radiação."
    }
  ]
}