{
  "name": "Rad-X",
  "icon": "nuclearcraft:rad_x",
  "category": "nuclearcraft:items",
  "sortnum": 0,
  "pages": [
    {
      "anchor": "radx",
      "type": "items/1",
      "header": "Rad-X",
      "item": "nuclearcraft:rad_x",
      "text": "O $(item)Rad-X$() fornece ao usuário uma quantidade definida de resistência à radiação por um período de tempo determinado. Embora o efeito possa ser acumulado, os níveis mais altos de resistência se esgotam mais rapidamente do que os níveis mais baixos."
    }
  ]
}