{
  "name": "Radaway",
  "icon": "nuclearcraft:radaway",
  "category": "nuclearcraft:items",
  "sortnum": 0,
  "pages": [
    {
      "anchor": "radaway",
      "type": "items/2",
      "header": "Radaway",
      "item1": "nuclearcraft:radaway",
      "item2": "nuclearcraft:radaway_slow",
      "text": "$(item)RadAway$() e sua versão mais lenta, $(item)Slow-Acting RadAway$(), removem rads do usuário a uma taxa definida. O RadAway padrão age mais rápido que o RadAway de ação lenta, mas não dura tanto tempo."
    }
  ]
}