{
  "name": "Radiation Shielding",
  "icon": "nuclearcraft:rad_shielding:0",
  "category": "nuclearcraft:items",
  "sortnum": 0,
  "pages": [
    {
      "anchor": "hazmat",
      "type": "items/3",
      "header": "Radiation Shielding",
      "item1": "nuclearcraft:rad_shielding:0",
      "item2": "nuclearcraft:rad_shielding:1",
      "item3": "nuclearcraft:rad_shielding:2",
      "text": "A blindagem contra radiação pode ser adicionada à armadura para lhe conferir resistência à radiação. A quantidade de resistência à radiação adicionada à armadura depende do tipo de blindagem utilizada. Ao adicionar blindagem à armadura, a resistência à radiação de cada blindagem adicionada é acumulada."
    }
  ]
}