{
  "name": "Radiation Detection",
  "icon": "nuclearcraft:radiation_badge",
  "category": "nuclearcraft:items",
  "sortnum": 0,
  "pages": [
    {
      "anchor": "geiger-counter",
      "type": "items/1",
      "header": "Geiger Counter",
      "item": "nuclearcraft:geiger_counter",
      "text": "O $(item)Contador Geiger$() permite ao usuário detectar radiação e saber seu nível atual de irradiação. Ele também pode ser usado para encontrar o nível de irradiação de entidades. Se o contador Geiger não estiver na barra de acesso rápido, seu áudio será silenciado. Ele também está disponível em forma de bloco, que fornecerá leituras de radiação para o chunk em que está colocado."
    },
    {
      "anchor": "radiation-badge",
      "type": "items/1",
      "header": "Radiation Badge",
      "item": "nuclearcraft:radiation_badge",
      "text": "O $(item)Radiation Badge$() permite que o usuário saiba a variação no nível de irradiação enquanto o dispositivo estiver sendo usado. Ele notifica o usuário sobre sua exposição em incrementos específicos de irradiação, até uma variação máxima no nível de irradiação."
    }
  ]
}