{
  "name": "Spaxehoe",
  "icon": "nuclearcraft:spaxelhoe_boron",
  "category": "nuclearcraft:items",
  "sortnum": 0,
  "pages": [
    {
      "anchor": "spaxelhoe",
      "type": "items/4",
      "header": "Spaxelhoe",
      "item1": "nuclearcraft:spaxelhoe_boron",
      "item2": "nuclearcraft:spaxelhoe_tough",
      "item3": "nuclearcraft:spaxelhoe_hard_carbon",
      "item4": "nuclearcraft:spaxelhoe_boron_nitride",
      "text": "O $(item)Spaxelhoe$() é uma ferramenta multifuncional. Tem a função de um machado, uma espada, uma pá, uma enxada e uma picareta."
    }
  ]
}