{
  "title": "Introduction",
  "text": [
    {
      "text": "Bem-vindo ao Materials and You. Nestas páginas, você encontrará informações úteis sobre o Tinkers' Antique e seus diversos recursos. Você também pode utilizar o JEI/HEI para ver mais receitas usadas para fundição, ligações, moldagem e muito mais!"
    },
    {
      "text": "\n"
    },
    {
      "text": "\n"
    },
    {
      "text": "Este livro é uma cópia mágica. Se for perdido, outro pode ser invocado neste mundo combinando um padrão em branco e um livro em branco."
    },
    {
      "text": "\n"
    },
    {
      "text": "\n"
    },
    {
      "text": "Algumas páginas relacionadas a receitas ainda estão faltando por enquanto, você terá que recorrer ao JEI/HEI ou a wikis online para obter mais informações."
    }
  ]
}