{
  "title": "Surviving the first day and beyond",
  "text": [
    {
      "text": "Bem-vindo à segunda edição de Materiais e você: sobrevivendo ao primeiro dia e além. Nestas páginas, você encontrará os primeiros passos para criar ferramentas com os materiais que encontrar."
    },
    {
      "text": "\n"
    },
    {
      "text": "\n"
    },
    {
      "text": "Este livro é uma cópia mágica e é atualizado sempre que o original é modificado. Volte ocasionalmente para obter informações sobre novidades."
    },
    {
      "text": "\n"
    },
    {
      "text": "\n"
    },
    {
      "text": "O primeiro passo na fabricação de ferramentas é criar um molde em branco. Trata-se de uma tela em branco na qual se pode estampar uma forma, servindo de referência para futuras criações."
    }
  ]
}