{
  "title": "",
  "text": [
    {
      "text": "Você pode moldar um material não metálico em um construtor de peças com o molde e, em seguida, combinar as peças na estação de ferramentas. Os moldes podem ser armazenados e acessados no baú de moldes, e as peças sobressalentes de ferramentas no baú de peças. Por fim, você pode converter sua velha e confiável mesa de artesanato em uma estação de artesanato para manter seus projetos em andamento guardados nela, assim você não precisa guardar os materiais caso precise se ausentar."
    },
    {
      "text": "\n"
    },
    {
      "text": "\n"
    },
    {
      "text": "Juntos, eles formam a Oficina de Ferramentas. Recomenda-se manter todos eles por perto ao usar qualquer um deles. Agora, abordarei como fazer cada item da Oficina de Ferramentas e mostrarei como eles funcionam melhor juntos."
    }
  ]
}