{
  "title": "어서와",
  "text": [
    {
      "text": "재료와 당신의 아머리 외전에 오신것을 환영합니다."
    },
    {
      "text": "만약 당신이 이것을 읽고 있다면, 당신은 아머리의 세계로 들어가려는 대담한 대장장이 일것입니다. 이 가이드는 당신이 완벽한 갑옷을 만드는것을 도와줄 것입니다. 당신은 당신이 필요하는 여러 테이블에 대한 정보와 다양한 재료와 물건들이 갑옷에 어떤 특성을 부여하는지에 대한 정보를 찾을수 있을것입니다.",
      "paragraph": true
    },
    {
      "text": "이외의 것은 전부 당신에게 달려있습니다. 해피 팅커링!",
      "paragraph": true
    }
  ]
}