{
  "modifier": "harvestwidth",
  "text": [
    {
      "text": "Você já desejou que sua ferramenta pudesse afetar uma área maior? Agora isso é possível!"
    }
  ],
  "effects": [
    "Aumenta a largura da área afetada",
    "Apenas afeta blocos",
    "Não funciona para armas",
    "Pode ser combinado com Height++"
  ],
  "demoTool": [
    "tconstruct:pickaxe",
    "tconstruct:shovel",
    "tconstruct:hatchet",
    "tconstruct:mattock",
    "tconstruct:hammer",
    "tconstruct:lumberaxe",
    "tconstruct:excavator",
    "tconstruct:scythe"
  ]
}