{
  "armormodifier": "potion_belt_armor",
  "text": [
    {
      "text": "올바른 아이템으로 벨트를 모디파이어에 추가하면 핫바를 교체하는 대신 더 많은 물약을 소지할수 있습니다."
    }
  ],
  "effects": [
    "7개의 물약 저장",
    "벨트를 착용한 동안 최대 4개까지 포션의 스택을 쌓을수 있습니다.",
    "키를 누를시 물약 보관함이 열림",
    "아이템당 액세서리 1개만 사용가능"
  ],
  "demoArmor": [
    "conarm:leggings"
  ]
}