{
  "armormodifier": "travel_sneak_armor",
  "text": [
    {
      "text": "몰래 돌아다니기를 원하는 탐험가들에게는, 이 망토가 그들에게 투명해질수 있는 능력을 줄것입니다."
    }
  ],
  "effects": [
    "투명인간",
    "키를 누를시 투명화 활성화",
    "투명화 활성화시 내구도 소모",
    "'비밀'모디파이어와 함께 사용 불가능",
    "아이템당 액세서리 1개만 사용가능"
  ],
  "demoArmor": [
    "conarm:chestplate"
  ]
}