{
  "armormodifier": "soul_sight_armor",
  "text": [
    {
      "text": "저 아이템들로 고글에 모디파이어를 붙이면 확대/축소 대신 영혼의 시야를 사용할 수 있습니다."
    },
    {
      "text": "\n"
    },
    {
      "text": "이 고글을 착용하는 동안에는 근처의 영혼들을 볼 수 있습니다."
    }
  ],
  "effects": [
    "착용자가 근처의 영혼을 볼 수 있도록합니다.",
    "키를 누를시 영혼의 시야 활성화",
    "영혼의 시야를 활성화시 내구도를 소모",
    "아이템당 액세서리 1개만 사용가능"
  ],
  "demoArmor": [
    "conarm:helmet"
  ]
}