{
  "armormodifier": "night_vision_armor",
  "text": [
    {
      "text": "通过改良护目镜，它将赋予你夜视而非远眺效果。"
    },
    {
      "text": "\n"
    },
    {
      "text": "戴着护目镜将使你深处黑夜之中看得更加清晰。"
    }
  ],
  "effects": [
    "给予穿戴者夜视效果",
    "通过快捷键使用",
    "使用时消耗耐久",
    "每件护甲只能装配一个部件"
  ],
  "demoArmor": [
    "conarm:helmet"
  ]
}