{
  "components": [
    {
      "type": "header",
      "text": "#cabeçalho",
      "x": -1,
      "y": -1
    },
    {
      "type": "item",
      "item": "#bloco1",
      "framed": true,
      "link_recipe": true,
      "x": 20,
      "y": 15
    },
    {
      "type": "item",
      "item": "#bloco2",
      "framed": true,
      "link_recipe": true,
      "x": 40,
      "y": 15
    },
    {
      "type": "item",
      "item": "#bloco3",
      "framed": true,
      "link_recipe": true,
      "x": 60,
      "y": 15
    },
    {
      "type": "item",
      "item": "#bloco4",
      "framed": true,
      "link_recipe": true,
      "x": 80,
      "y": 15
    },
    {
      "type": "text",
      "text": "#texto",
      "x": 0,
      "y": 40
    }
  ]
}