{
  "title": "",
  "text": [
    {
      "text": "O derretedor deve ser colocado acima de um aquecedor ou de um tanque aquecido para combustível. Os aquecedores fornecem uma temperatura muito menor para derreter, portanto, algumas receitas podem não estar disponíveis sem o uso de um tanque aquecido."
    },
    {
      "text": "Torneiras podem ser fixadas nas laterais do derretedor para despejar fluidos em mesas e bacias de fundição, ou o fluido pode ser bombeado para fora do derretedor usando tubos de fluido de outros mods.",
      "paragraph": true
    }
  ]
}