{
  "armormodifier": "blast_resistant_armor",
  "text": [
    {
      "text": "用一块坚硬的砖块包囊你的护甲一定能让你获得更好的抗爆效果。"
    },
    {
      "text": "\n"
    },
    {
      "text": "这样便省去了水泥的消耗。"
    }
  ],
  "effects": [
    "提供爆炸保护",
    "只需要一个强化槽",
    "与其他保护冲突",
    "多个等级"
  ],
  "demoArmor": [
    "conarm:helmet",
    "conarm:chestplate",
    "conarm:leggings",
    "conarm:boots"
  ]
}