{
  "armormodifier": "concealed_armor",
  "text": [
    {
      "text": "涂抹一些隐性墨水在护甲上，能够让它变得肉眼不可见。"
    },
    {
      "text": "\n"
    },
    {
      "text": "仅用于装饰。"
    }
  ],
  "effects": [
    "让你的护甲变得隐形",
    "不需要强化槽",
    "不能用于旅行者披风（隐身）"
  ],
  "demoArmor": [
    "conarm:helmet",
    "conarm:chestplate",
    "conarm:leggings",
    "conarm:boots"
  ]
}