{
  "armormodifier": "fire_resistant_armor",
  "text": [
    {
      "text": "采用烈焰粉作为涂层涂抹在护甲上将使护甲更加耐燃烧。"
    },
    {
      "text": "\n"
    },
    {
      "text": "这就是科学。"
    }
  ],
  "effects": [
    "提供火焰保护",
    "只需要一个强化槽",
    "与其他保护冲突",
    "多个等级"
  ],
  "demoArmor": [
    "conarm:helmet",
    "conarm:chestplate",
    "conarm:leggings",
    "conarm:boots"
  ]
}