{
  "armormodifier": "projectile_resistant_armor",
  "text": [
    {
      "text": "将羽毛附着在护甲上会使你更加轻盈，并增加抗射性。"
    },
    {
      "text": "\n"
    },
    {
      "text": "这将是极好的。"
    }
  ],
  "effects": [
    "提供弹射保护",
    "只需要一个强化槽",
    "与其他保护冲突",
    "多个等级"
  ],
  "demoArmor": [
    "conarm:helmet",
    "conarm:chestplate",
    "conarm:leggings",
    "conarm:boots"
  ]
}